{
  "output_file": "settings.json",

  "command": {
    "type": "textbox",
    "value": "!gif",
    "label": "Command",
    "tooltip": "The Command to display a gif.",
    "group": "General Settings:"
  },
  "delay": {
    "type": "slider",
    "value": 2,
    "label": "Duration of displayed gifs",
    "min": 0,
    "max": 30,
    "ticks": 1,
    "tooltip": "The Duration for how long the gifs should be displayed",
    "group": "GIF Settings:"
  },
  "scene": {
    "type": "textbox",
    "value": "gifs",
    "label": "GIF Scene Name",
    "tooltip": "The Name of Your Scene, where all your gifs are in SLOBS",
    "group": "GIF Settings:"
  },
  "notlast": {
    "type": "checkbox",
    "value": true,
    "label": "Exclude Last Gif",
    "tooltip": "Exclude the last two played gifs from selection for next gif.",
    "group": "GIF Settings:"
  }
}