{
  "output_file": "settings.json",

  "command": {
    "type": "textbox",
    "value": "!gif",
    "label": "Command",
    "tooltip": "The Command to get your Team.",
    "group": "General Settings:"
  },
  "delay": {
    "type": "slider",
    "value": 2,
    "label": "Duration of displayed gifs",
    "min": 0,
    "max": 30,
    "ticks": 1,
    "tooltip": "The Name of Your Scene, where all your gifs are in SLOBS",
    "group": "GIF Settings:"
  },
  "scene": {
    "type": "textbox",
    "value": "gifs",
    "label": "GIF Scene Name",
    "tooltip": "The SLOBS Scene where you have your gifs",
    "group": "GIF Settings:"
  },
  "apiaddress": {
    "type": "textbox",
    "value": "http://127.0.0.1",
    "label": "API Adress",
    "tooltip": "Usually you can leave this as is. If you select a different Adress in SLOBS or are running SLOBS and Chatbot on different machines you have to change this.",
    "group": "API Settings:"
  },
  "apiport": {
    "type": "textbox",
    "value": "59650",
    "label": "API Port",
    "tooltip": "Usually you can leave this as is. If you select a different port in SLOBS you have to change this.",
    "group": "API Settings:"
  },
  "token": {
    "type": "textbox",
    "value": "",
    "label": "SLOBS Auth token",
    "tooltip": "The Token from SLOBS Remote Control",
    "group": "CREDENTIALS DO NOT SHOW:"
  }
}