{
  "output_file": "settings.json",
  "command": {
    "type": "textbox",
    "value": "!gif",
    "label": "Command",
    "tooltip": "The Command to get your Team.",
    "group": "General Settings:"
  },
  "folder": {
    "type": "button",
    "label": "Open GIF Folder",
    "tooltip": "Opens the directory with your GIFs",
    "function": "OpenGifDir",
    "wsevent": "",
    "group": "General Settings:"
  },
  "delay": {
    "type": "slider",
    "value": 2,
    "label": "Duration of displayed gifs",
    "min": 0,
    "max": 30,
    "ticks": 1,
    "tooltip": "The Name of Your Scene, where all your gifs are in SLOBS",
    "group": "GIF Settings:"
  }
}